variant,threads,N,K,chunk,time
sequential,1,10000,15,0,0.008314
static,1,10000,15,0,0.010588
dynamic,1,10000,15,1,0.008939
guided,1,10000,15,1,0.007747
sequential,2,10000,15,0,0.010689
static,2,10000,15,0,0.005523
dynamic,2,10000,15,1,0.004649
guided,2,10000,15,1,0.004656
sequential,4,10000,15,0,0.010975
static,4,10000,15,0,0.003238
dynamic,4,10000,15,1,0.003091
guided,4,10000,15,1,0.002962
